,;8
+;8
Ç;3
ê;1
Ç;13
ê;1
Ç;13
ê;1
Ç;13
ê;1
Ç;13
ê;1
Ç;13
ê;1
Ç;13
ê;1
Ç;13
ê;1
Ç;10
0;1051
00:01:34+00:00;1
00:01:55+00:00;1
00:04:39+00:00;1
00:04:44+00:00;1
00:04:58+00:00;1
00:08:39+00:00;1
00:09:18+00:00;1
00:11:01+00:00;1
00:11:33+00:00;1
00:13:24+00:00;1
00:14:36+00:00;1
00:15:02+00:00;1
00:15:17+00:00;1
00:16:06+00:00;1
00:19:13+00:00;1
00:20:37+00:00;1
00:21:07+00:00;1
00:22:09+00:00;1
00:24:30+00:00;1
00:27:38+00:00;1
00:28:01+00:00;1
00:28:52+00:00;1
00:29:11+00:00;1
00:29:34+00:00;2
00:30:05+00:00;1
00:46:23+00:00;1
00:47:41+00:00;1
00:48:59+00:00;1
00:49:00+00:00;1
00:49:32+00:00;1
00:51:57+00:00;1
00:54:14+00:00;1
00:56:45+00:00;1
00:57:30+00:00;1
00:57:35+00:00;1
01:02:13+00:00;1
01:05:30+00:00;1
01:07:08+00:00;1
01:09:23+00:00;1
01:10:53+00:00;1
01:12:21+00:00;1
01:12:50+00:00;1
01:14:01+00:00;1
01:14:07+00:00;1
01:14:38+00:00;1
01:16:04+00:00;1
01:16:34+00:00;1
01:17:06+00:00;1
01:17:26+00:00;1
01:19:07+00:00;1
01:19:46+00:00;1
01:20:26+00:00;1
01:25:44+00:00;1
01:27:10+00:00;1
01:28:43+00:00;1
01:29:50+00:00;1
01:30:42+00:00;1
01:32:18+00:00;1
01:38:40+00:00;1
01:39:04+00:00;1
01:43:16+00:00;1
01:45:15+00:00;1
01:46:41+00:00;1
01:47:01+00:00;1
01:51:08+00:00;1
01:52:06+00:00;1
01:53:59+00:00;1
01:54:16+00:00;1
01:54:52+00:00;1
01:56:06+00:00;1
01:56:34+00:00;1
01:59:28+00:00;1
02:01:51+00:00;1
02:02:10+00:00;1
02:02:23+00:00;1
02:02:54+00:00;1
02:05:42+00:00;1
02:10:15+00:00;1
02:11:02+00:00;1
02:16:38+00:00;1
02:17:47+00:00;1
02:20:25+00:00;1
02:21:30+00:00;1
02:22:56+00:00;1
02:28:50+00:00;1
02:36:18+00:00;1
02:43:43+00:00;1
02:47:53+00:00;1
02:48:02+00:00;1
02:53:03+00:00;1
02:55:52+00:00;1
02:56:46+00:00;1
02:57:53+00:00;1
02:58:31+00:00;1
02:58:43+00:00;1
02:59:14+00:00;1
03:00:37+00:00;1
03:03:47+00:00;1
03:10:40+00:00;1
03:12:43+00:00;1
03:15:38+00:00;1
03:18:05+00:00;1
03:18:21+00:00;1
03:24:08+00:00;1
03:24:46+00:00;1
03:24:50+00:00;1
03:36:55+00:00;1
03:37:45+00:00;1
03:39:23+00:00;1
03:42:07+00:00;1
03:47:22+00:00;1
03:56:37+00:00;1
03:58:42+00:00;1
04:02:47+00:00;1
04:05:56+00:00;1
04:06:46+00:00;1
04:10:15+00:00;1
04:11:16+00:00;1
04:12:27+00:00;1
4124011533;8
4162571719;8
04:42:02+00:00;1
04:54:47+00:00;1
05:00:24+00:00;1
05:02:09+00:00;1
05:05:02+00:00;1
05:09:34+00:00;1
05:10:22+00:00;2
05:22:24+00:00;1
05:29:57+00:00;1
05:33:29+00:00;1
05:35:40+00:00;1
05:41:17+00:00;1
05:41:49+00:00;1
05:58:42+00:00;1
06:03:07+00:00;1
06:20:46+00:00;1
06:48:25+00:00;1
06:53:06+00:00;1
06:57:13+00:00;1
07:09:56+00:00;1
07:17:58+00:00;1
07:18:10+00:00;1
07:19:01+00:00;1
07:19:46+00:00;1
07:19:52+00:00;1
07:20:16+00:00;1
07:21:58+00:00;1
07:27:46+00:00;1
07:37:35+00:00;1
07:45:00+00:00;1
07:47:11+00:00;1
07:50:16+00:00;1
07:53:56+00:00;1
08:01:00+00:00;1
08:05:54+00:00;2
08:15:24+00:00;1
08:20:36+00:00;1
08:31:23+00:00;1
08:33:53+00:00;1
08:39:51+00:00;1
08:47:42+00:00;1
08:52:59+00:00;1
9;8
09:07:52+00:00;1
09:13:27+00:00;1
09:27:32+00:00;1
09:30:40+00:00;1
09:32:05+00:00;1
09:32:38+00:00;1
09:40:00+00:00;1
1;157
10;30
10:00:49+00:00;1
10:03:58+00:00;1
10:04:23+00:00;1
10:04:57+00:00;1
10:05:02+00:00;1
10:05:19+00:00;1
10:05:22+00:00;1
10:05:26+00:00;1
10:05:27+00:00;1
10:06:28+00:00;1
10:06:30+00:00;1
10:06:57+00:00;1
10:08:19+00:00;1
10:08:45+00:00;1
10:08:46+00:00;1
10:09:24+00:00;1
10:10:12+00:00;1
10:11:35+00:00;1
10:11:46+00:00;1
10:12:51+00:00;1
10:13:00+00:00;1
10:13:57+00:00;1
10:14:12+00:00;1
10:14:40+00:00;1
10:14:43+00:00;1
10:15:04+00:00;1
10:18:03+00:00;1
10:19:50+00:00;1
102.;8
10:33:40+00:00;1
10:34:31+00:00;1
10:35:47+00:00;1
10:36:45+00:00;1
10:39:04+00:00;1
10:41:35+00:00;1
10:44:23+00:00;1
10:48:01+00:00;1
10:49:08+00:00;1
10:49:37+00:00;1
10:50:54+00:00;1
10:51:47+00:00;1
10:58:53+00:00;1
10:59:18+00:00;1
11:02:22+00:00;1
11:07:03+00:00;1
11:10:52+00:00;1
11:12:10+00:00;1
11:14:57+00:00;1
11:18:51+00:00;1
11:18:57+00:00;1
11:20:11+00:00;1
11:22:43+00:00;1
11:23:28+00:00;1
11:25:59+00:00;1
11:26:08+00:00;1
11:26:30+00:00;1
11:27:07+00:00;1
11:30:04+00:00;1
11:32:58+00:00;1
11:33:17+00:00;1
11:35:28+00:00;1
11:35:30+00:00;1
11:40:32+00:00;1
11:40:51+00:00;1
11:47:52+00:00;1
11:49:04+00:00;1
11:50:08+00:00;1
11:53:25+00:00;1
11:53:38+00:00;1
11:56:54+00:00;1
12:02:16+00:00;1
12:09:44+00:00;1
12:10:37+00:00;1
12:11:38+00:00;1
12:11:40+00:00;1
12:13:22+00:00;1
12:19:13+00:00;1
12:27:30+00:00;1
12:27:43+00:00;1
12:29:41+00:00;1
12:30:14+00:00;1
12:30:15+00:00;1
12:30:22+00:00;1
12:31:01+00:00;1
12:40:33+00:00;1
12:46:36+00:00;1
12:47:57+00:00;1
12:48:59+00:00;1
12:50:09+00:00;1
12:51:25+00:00;1
12:53:30+00:00;1
12:55:04+00:00;1
12:56:50+00:00;1
12:58:50+00:00;1
12:59:07+00:00;1
12:59:49+00:00;1
12:59:50+00:00;1
13:00:50+00:00;1
13:02:54+00:00;1
13:03:14+00:00;1
13:06:45+00:00;1
13:07:53+00:00;1
13:09:49+00:00;1
13:10:57+00:00;1
13:17:47+00:00;1
13:21:41+00:00;1
13:23:50+00:00;1
13:25:14+00:00;1
13:27:48+00:00;1
13:33:27+00:00;1
13:33:53+00:00;1
13:34:09+00:00;1
13:34:27+00:00;1
13:35:00+00:00;1
13:35:18+00:00;1
13:36:11+00:00;1
13:39:09+00:00;1
13:45:29+00:00;1
13:48:50+00:00;1
13:49:39+00:00;1
13:53:07+00:00;1
13:55:34+00:00;1
13:57:19+00:00;1
13:57:48+00:00;1
14;1
14:01:04+00:00;1
14:03:15+00:00;1
14:03:33+00:00;1
14:07:25+00:00;1
14:10:56+00:00;1
14:11:22+00:00;1
14:11:38+00:00;1
14:11:58+00:00;1
14:14:21+00:00;1
14:15:42+00:00;1
14:16:14+00:00;1
14:18:15+00:00;1
14:20:09+00:00;1
14:20:57+00:00;1
14:20:58+00:00;1
14:21:05+00:00;1
14:25:30+00:00;1
14:28:20+00:00;1
14:29:03+00:00;1
14:31:57+00:00;1
14:31:58+00:00;1
14:33:32+00:00;1
14:33:51+00:00;1
14:34:26+00:00;1
14:39:17+00:00;1
14:40:19+00:00;1
14:42:06+00:00;1
14:43:28+00:00;1
14:43:44+00:00;1
14:46:43+00:00;1
14:49:25+00:00;1
14:51:00+00:00;1
14:51:08+00:00;1
14:51:16+00:00;1
14:52:08+00:00;1
15;2
15:02:33+00:00;1
15:02:37+00:00;1
15:06:06+00:00;1
15:08:00+00:00;1
15:08:48+00:00;1
15:09:21+00:00;1
15:09:25+00:00;1
15:12:21+00:00;1
15:12:54+00:00;1
15:13:36+00:00;1
15:14:48+00:00;1
15:15:02+00:00;1
15:19:17+00:00;1
15:19:18+00:00;1
15:19:52+00:00;1
15:22:22+00:00;1
15:28:57+00:00;1
15:32:59+00:00;1
15:36:16+00:00;1
15:37:51+00:00;1
15:39:06+00:00;1
15:41:44+00:00;2
15:43:25+00:00;1
15:44:17+00:00;1
15:45:12+00:00;1
15:45:24+00:00;1
15:47:56+00:00;1
15:54:12+00:00;1
15:56:18+00:00;1
15:57:02+00:00;1
16:04:36+00:00;1
16:06:13+00:00;1
16:07:43+00:00;1
16:07:52+00:00;1
16:08:15+00:00;1
16:08:20+00:00;1
16:11:55+00:00;1
16:12:57+00:00;1
16:16:03+00:00;1
16:17:20+00:00;1
16:17:28+00:00;1
16:18:41+00:00;1
16:21:49+00:00;1
16:24:16+00:00;1
16:30:26+00:00;1
16:31:50+00:00;1
16:31:51+00:00;1
16:41:28+00:00;1
16:41:33+00:00;1
16:42:25+00:00;1
16:44:15+00:00;1
16:44:43+00:00;1
16:45:06+00:00;1
16:45:53+00:00;1
16:47:29+00:00;1
16:49:29+00:00;1
16:49:54+00:00;1
16:53:10+00:00;1
16:55:14+00:00;1
16:55:48+00:00;1
16:59:09+00:00;1
16:59:32+00:00;1
17:01:00+00:00;1
17:01:59+00:00;1
17:03:59+00:00;1
17:04:28+00:00;1
17:07:58+00:00;1
17:11:46+00:00;1
17:14:11+00:00;1
17:15:23+00:00;1
17:16:22+00:00;1
17:17:28+00:00;1
17:19:25+00:00;1
17:21:16+00:00;1
17:22:53+00:00;1
17:23:57+00:00;1
17:24:01+00:00;1
17:24:53+00:00;1
17:26:22+00:00;1
17:27:31+00:00;1
17:30:42+00:00;1
17:33:09+00:00;1
17:34:10+00:00;1
17:35:42+00:00;1
17:35:46+00:00;1
17:36:00+00:00;1
17:36:45+00:00;1
17:38:59+00:00;1
17:41:34+00:00;1
17:42:00+00:00;1
17:43:36+00:00;1
17:49:45+00:00;1
17:50:29+00:00;1
17:53:59+00:00;1
17:54:12+00:00;1
17:56:33+00:00;1
17:57:05+00:00;1
18;30
18:00:55+00:00;1
18:02:30+00:00;1
18:02:46+00:00;1
18:10:31+00:00;1
18:15:15+00:00;1
18:15:50+00:00;1
18:19:11+00:00;1
18:19:46+00:00;1
18:22:21+00:00;1
18:22:51+00:00;1
18:24:15+00:00;1
18:28:14+00:00;1
18:28:43+00:00;1
18:29:44+00:00;1
18:37:01+00:00;1
18:37:14+00:00;1
18:40:34+00:00;1
18:41:33+00:00;1
18:41:53+00:00;1
18:42:13+00:00;1
18:43:04+00:00;1
18:43:18+00:00;1
18:44:09+00:00;1
18:44:36+00:00;1
18:47:14+00:00;1
18:47:44+00:00;1
18:48:07+00:00;1
18:51:01+00:00;1
18:54:58+00:00;1
19:01:19+00:00;1
19:05:08+00:00;1
19:08:25+00:00;1
19:09:59+00:00;1
19:10:09+00:00;1
19:10:15+00:00;1
19:10:33+00:00;1
19:10:38+00:00;1
19:11:42+00:00;1
19:13:44+00:00;1
19:13:59+00:00;1
19:15:23+00:00;1
19:30:25+00:00;1
19:30:47+00:00;1
19:32:27+00:00;1
19:34:13+00:00;1
19:35:21+00:00;1
19:37:12+00:00;1
19:40:46+00:00;1
19:51:21+00:00;1
19:51:27+00:00;1
19:53:01+00:00;1
19:53:04+00:00;1
19:53:12+00:00;1
19:54:39+00:00;1
19:54:50+00:00;1
19:56:25+00:00;1
19:56:29+00:00;1
19:56:49+00:00;1
19:57:24+00:00;1
19:59:00+00:00;1
2;50
20:00:45+00:00;1
20:06:33+00:00;1
20:07:06+00:00;1
20:07:58+00:00;1
20:09:10+00:00;1
20:10:13+00:00;2
20:10:38+00:00;1
20:16:13+00:00;1
20:19:39+00:00;1
20:22:01+00:00;1
01/04/2022;49
02/04/2022;89
03/04/2022;67
04/04/2022;88
05/04/2022;100
06/04/2022;79
07/04/2022;69
08/04/2022;105
09/04/2022;9
20:22:35+00:00;1
2023;8
20:25:11+00:00;1
20:26:45+00:00;1
20:26:46+00:00;1
20:28:03+00:00;1
20:28:04+00:00;1
20:29:38+00:00;1
20:30:43+00:00;1
20:30:45+00:00;1
20:32:14+00:00;1
20:32:17+00:00;1
20:32:34+00:00;1
20:33:42+00:00;1
20:34:29+00:00;1
20:35:23+00:00;1
20:35:54+00:00;1
20:38:07+00:00;1
20:38:59+00:00;1
20:42:34+00:00;1
20:43:26+00:00;1
20:45:12+00:00;1
20:45:57+00:00;1
20:47:16+00:00;1
20:48:10+00:00;1
20:48:14+00:00;1
20:53:11+00:00;1
20:53:12+00:00;1
20:54:00+00:00;1
20:54:30+00:00;2
20:55:01+00:00;1
20:55:28+00:00;1
20:56:11+00:00;1
20:56:31+00:00;1
20:56:46+00:00;1
20:59:11+00:00;1
20:59:32+00:00;1
21:00:51+00:00;1
21:01:15+00:00;1
21:04:59+00:00;1
21:05:12+00:00;1
21:06:46+00:00;1
21:08:19+00:00;1
21:08:35+00:00;1
21:13:53+00:00;1
21:19:30+00:00;1
21:22:31+00:00;1
21:22:43+00:00;1
21:22:54+00:00;1
21:23:07+00:00;1
21:24:36+00:00;1
21:24:46+00:00;1
21:25:05+00:00;1
21:25:06+00:00;1
21:27:16+00:00;1
21:27:33+00:00;1
21:27:34+00:00;1
21:28:41+00:00;1
21:30:22+00:00;1
21:31:33+00:00;2
21:31:49+00:00;2
21:32:39+00:00;1
21:33:36+00:00;1
21:34:43+00:00;1
21:35:36+00:00;1
21:36:30+00:00;1
21:37:32+00:00;1
21:38:19+00:00;1
21:39:57+00:00;1
21:40:16+00:00;1
21:40:52+00:00;1
21:41:19+00:00;1
21:41:37+00:00;1
21:44:02+00:00;1
21:44:25+00:00;1
21:47:15+00:00;1
21:48:34+00:00;1
21:52:14+00:00;1
21:52:16+00:00;1
21:55:32+00:00;1
21:57:24+00:00;1
21:57:42+00:00;1
21:57:59+00:00;1
21:59:14+00:00;1
22:01:50+00:00;1
22:01:56+00:00;1
22:02:05+00:00;1
22:03:05+00:00;1
22:03:21+00:00;1
22:03:41+00:00;1
22:05:43+00:00;1
22:06:28+00:00;1
22:06:37+00:00;1
22:07:29+00:00;1
22:08:30+00:00;1
22:09:04+00:00;1
22:11:01+00:00;1
22:12:12+00:00;1
22:13:23+00:00;1
22:13:25+00:00;1
22:13:50+00:00;1
22:13:57+00:00;1
22:17:05+00:00;1
22:17:23+00:00;1
22:25:09+00:00;1
22:25:29+00:00;1
22:25:51+00:00;1
22:29:08+00:00;1
22:30:03+00:00;1
22:30:23+00:00;1
22:36:09+00:00;1
22:39:09+00:00;1
22:39:52+00:00;1
22:41:16+00:00;1
22:44:20+00:00;1
22:44:54+00:00;1
22:45:19+00:00;1
22:46:26+00:00;1
22:48:58+00:00;1
22:49:19+00:00;1
22:52:00+00:00;1
22:55:51+00:00;1
22:55:58+00:00;1
22:58:50+00:00;1
22:59:09+00:00;1
23:00:06+00:00;1
23:00:32+00:00;1
23:01:20+00:00;1
23:02:15+00:00;1
23:06:14+00:00;1
23:10:57+00:00;1
23:12:06+00:00;1
23:15:07+00:00;1
23:24:52+00:00;1
23:26:17+00:00;1
23:31:09+00:00;1
23:31:11+00:00;1
23:31:23+00:00;1
23:37:56+00:00;1
23:38:08+00:00;1
23:38:42+00:00;1
23:40:40+00:00;1
23:41:48+00:00;1
23:42:25+00:00;1
23:45:39+00:00;1
23:47:17+00:00;1
23:47:19+00:00;1
23:49:33+00:00;1
23:50:36+00:00;1
23:51:53+00:00;1
23:51:54+00:00;1
23:54:35+00:00;1
23:57:49+00:00;1
23:57:57+00:00;1
23:58:25+00:00;1
3;18
31;1
333O0O;1
342;8
3buzykids;1
4;14
4,73E+17;1
4,73E+17;1
4,73E+17;1
4,73E+17;1
4,73E+17;1
4,73E+17;1
4,73E+17;1
4,73E+17;1
4,73E+17;1
4,73E+17;1
4,73E+17;1
4,73E+17;1
4,73E+17;1
4,73E+17;1
4,73E+17;2
4,73E+17;1
4,73E+17;1
4,73E+17;1
4,73E+17;1
4,73E+17;1
4,73E+17;1
4,73E+17;1
4,73E+17;1
4,73E+17;2
4,73E+17;1
4,73E+17;4
4,73E+17;1
4,73E+17;2
4,73E+17;1
4,73E+17;1
4,73E+17;1
4,73E+17;1
4,73E+17;1
4,73E+17;1
4,73E+17;1
4,73E+17;1
4,73E+17;1
4,73E+17;3
4,73E+17;2
4,73E+17;1
4,73E+17;2
4,73E+17;1
4,73E+17;1
4,73E+17;2
4,73E+17;3
4,73E+17;1
4,73E+17;1
4,73E+17;1
4,73E+17;1
4,73E+17;1
4,73E+17;1
4,73E+17;1
4,73E+17;1
4,73E+17;2
4,73E+17;2
4,73E+17;1
4,73E+17;1
4,73E+17;1
4,73E+17;1
4,73E+17;1
4,73E+17;1
4,73E+17;2
4,73E+17;1
4,73E+17;3
4,73E+17;1
4,73E+17;2
4,73E+17;1
4,73E+17;1
4,73E+17;1
4,73E+17;1
4,73E+17;1
4,73E+17;1
4,73E+17;2
4,73E+17;1
4,73E+17;1
4,73E+17;1
4,73E+17;1
4,73E+17;1
4,73E+17;1
4,73E+17;1
4,73E+17;1
4,74E+17;1
4,74E+17;1
4,74E+17;1
4,74E+17;1
4,74E+17;1
4,74E+17;1
4,74E+17;1
4,74E+17;1
4,74E+17;1
4,74E+17;1
4,74E+17;1
4,74E+17;1
4,74E+17;1
4,74E+17;2
4,74E+17;1
4,74E+17;1
4,74E+17;1
4,74E+17;3
4,74E+17;1
4,74E+17;1
4,74E+17;1
4,74E+17;1
4,74E+17;1
4,74E+17;1
4,74E+17;3
4,74E+17;2
4,74E+17;1
4,74E+17;1
4,74E+17;1
4,74E+17;2
4,74E+17;1
4,74E+17;1
4,74E+17;1
4,74E+17;1
4,74E+17;1
4,74E+17;1
4,74E+17;1
4,74E+17;1
4,74E+17;1
4,74E+17;2
4,74E+17;1
4,74E+17;1
4,74E+17;1
4,74E+17;1
4,74E+17;1
4,74E+17;1
4,74E+17;1
4,74E+17;1
4,74E+17;2
4,74E+17;1
4,74E+17;1
4,74E+17;1
4,74E+17;1
4,74E+17;1
4,74E+17;1
4,74E+17;1
4,74E+17;4
4,74E+17;2
4,74E+17;1
4,74E+17;1
4,74E+17;1
4,74E+17;1
4,74E+17;1
4,74E+17;1
4,74E+17;1
4,74E+17;1
4,74E+17;1
4,74E+17;1
4,74E+17;1
4,74E+17;1
4,74E+17;1
4,74E+17;1
4,74E+17;1
4,74E+17;1
4,74E+17;1
4,74E+17;1
4,74E+17;1
4,74E+17;1
4,74E+17;2
4,74E+17;2
4,74E+17;2
4,74E+17;1
4,74E+17;1
4,74E+17;4
4,74E+17;1
4,74E+17;1
4,74E+17;1
4,74E+17;1
4,74E+17;1
4,74E+17;1
4,74E+17;1
4,74E+17;1
4,74E+17;1
4,74E+17;1
4,74E+17;1
4,74E+17;2
4,74E+17;1
4,74E+17;2
4,74E+17;1
4,74E+17;1
4,74E+17;1
4,74E+17;1
4,74E+17;1
4,74E+17;1
4,74E+17;1
4,74E+17;1
4,74E+17;2
4,74E+17;1
4,74E+17;1
4,74E+17;1
4,74E+17;1
4,74E+17;1
4,74E+17;1
4,74E+17;1
4,74E+17;2
4,74E+17;1
4,74E+17;3
4,74E+17;1
4,74E+17;1
4,74E+17;1
4,74E+17;1
4,74E+17;1
4,74E+17;1
4,74E+17;1
4,74E+17;2
4,74E+17;2
4,74E+17;1
4,74E+17;1
4,74E+17;1
4,74E+17;1
4,74E+17;1
4,74E+17;1
4,74E+17;2
4,74E+17;1
4,74E+17;1
4,74E+17;2
4,74E+17;1
4,74E+17;1
4,74E+17;2
4,74E+17;1
4,74E+17;1
4,74E+17;1
4,74E+17;1
4,74E+17;1
4,74E+17;1
4,74E+17;2
4,74E+17;1
4,74E+17;1
4,74E+17;1
4,74E+17;1
4,74E+17;1
4,74E+17;1
4,74E+17;1
4,74E+17;1
4,74E+17;1
4,74E+17;1
4,74E+17;1
4,74E+17;1
4,74E+17;1
4,74E+17;2
4,74E+17;2
4,74E+17;1
4,74E+17;1
4,74E+17;1
4,74E+17;1
4,74E+17;1
4,74E+17;2
4,74E+17;1
4,74E+17;1
4,74E+17;1
4,74E+17;2
4,74E+17;1
4,74E+17;1
4,74E+17;1
4,74E+17;1
4,74E+17;1
4,74E+17;1
4,74E+17;1
4,74E+17;1
4,74E+17;1
4,75E+17;1
4,75E+17;1
4,75E+17;1
4,75E+17;1
4,75E+17;2
4,75E+17;1
4,75E+17;1
4,75E+17;1
4,75E+17;1
4,75E+17;1
4,75E+17;1
4,75E+17;1
4,75E+17;1
4,75E+17;1
4,75E+17;1
4,75E+17;1
4,75E+17;1
4,75E+17;1
4,75E+17;1
4,75E+17;1
4,75E+17;1
4,75E+17;1
4,75E+17;1
4,75E+17;2
4,75E+17;1
4,75E+17;1
4,75E+17;2
4,75E+17;2
4,75E+17;2
4,75E+17;1
4,75E+17;1
4,75E+17;1
4,75E+17;1
4,75E+17;3
4,75E+17;1
4,75E+17;2
4,75E+17;1
4,75E+17;2
4,75E+17;2
4,75E+17;1
4,75E+17;1
4,75E+17;1
4,75E+17;1
4,75E+17;1
4,75E+17;3
4,75E+17;1
4,75E+17;1
4,75E+17;1
4,75E+17;1
4,75E+17;2
4,75E+17;1
4,75E+17;3
4,75E+17;1
4,75E+17;1
4,75E+17;1
4,75E+17;1
4,75E+17;1
4,75E+17;2
4,75E+17;1
4,75E+17;1
4,75E+17;1
4,75E+17;1
4,75E+17;1
4,75E+17;1
4,75E+17;1
4,75E+17;1
4,75E+17;1
4,75E+17;1
4,75E+17;1
4,75E+17;1
4,75E+17;1
4,75E+17;1
4,75E+17;1
4,75E+17;2
4,75E+17;1
4,75E+17;1
4,75E+17;1
4,75E+17;1
4,75E+17;1
4,75E+17;1
4,75E+17;1
4,75E+17;1
4,75E+17;1
4,75E+17;2
4,75E+17;2
4,75E+17;1
4,75E+17;1
4,75E+17;1
4,75E+17;1
4,75E+17;1
4,75E+17;1
4,75E+17;2
4,75E+17;2
4,75E+17;1
4,75E+17;1
4,75E+17;1
4,75E+17;3
4,75E+17;1
4,75E+17;1
4,75E+17;1
4,75E+17;1
4,75E+17;1
4,75E+17;1
4,75E+17;1
4,75E+17;1
4,75E+17;1
4,75E+17;2
4,75E+17;2
4,75E+17;1
4,75E+17;2
4,75E+17;1
4,75E+17;1
4,75E+17;1
4,75E+17;1
4,75E+17;1
4,75E+17;1
4,75E+17;1
4,75E+17;1
4,75E+17;1
4,75E+17;1
4,75E+17;1
4,75E+17;1
4,75E+17;2
4,75E+17;1
4,75E+17;1
4,75E+17;1
4,75E+17;1
4,75E+17;1
4,75E+17;1
4,75E+17;1
4,75E+17;1
4,75E+17;1
4,75E+17;1
4,75E+17;1
4,75E+17;2
4,75E+17;1
4,75E+17;1
4,75E+17;1
4,75E+17;1
4,75E+17;1
4,75E+17;1
4,75E+17;1
4,75E+17;1
4,75E+17;1
4,75E+17;1
4,75E+17;1
4,75E+17;2
4,75E+17;1
4,75E+17;1
4,75E+17;1
4,75E+17;1
4,75E+17;1
4,75E+17;1
4,75E+17;1
4,75E+17;1
4,75E+17;1
4,75E+17;1
4,75E+17;1
4,75E+17;1
4,75E+17;2
4,75E+17;2
4,75E+17;1
4,75E+17;2
4,75E+17;2
4,75E+17;1
4,75E+17;1
4,75E+17;2
4,75E+17;1
4,75E+17;1
4,75E+17;2
4,75E+17;2
4,75E+17;1
4,75E+17;1
4,75E+17;1
4,75E+17;1
4,75E+17;1
4,75E+17;1
4,75E+17;1
4,75E+17;1
4,75E+17;1
4,75E+17;1
4,75E+17;1
4,75E+17;1
4,75E+17;1
4,75E+17;1
4,75E+17;1
4,75E+17;1
4,75E+17;1
4,75E+17;1
4,75E+17;1
4,75E+17;1
4,75E+17;1
4,75E+17;1
4,75E+17;1
4,75E+17;1
4,75E+17;1
4,75E+17;1
4,75E+17;1
4,75E+17;1
4,76E+17;1
4,76E+17;2
4,76E+17;1
4,76E+17;1
4,76E+17;1
4,76E+17;7
4,76E+17;6
4,76E+17;4
4,76E+17;2
4,76E+17;2
4,76E+17;7
4,76E+17;1
4,76E+17;1
4,76E+17;2
4,76E+17;1
4,76E+17;2
4,76E+17;1
4,76E+17;1
4,76E+17;1
4,76E+17;2
4,76E+17;1
4,76E+17;1
4,76E+17;1
4,76E+17;1
4,76E+17;1
4,76E+17;1
4,76E+17;1
4,76E+17;1
4,76E+17;2
4,76E+17;3
4,76E+17;1
4,76E+17;1
4,76E+17;1
4,76E+17;2
4,76E+17;3
4,76E+17;2
4,76E+17;1
4,76E+17;3
4,76E+17;1
4,76E+17;1
4,76E+17;2
4,76E+17;1
4,76E+17;1
4,76E+17;1
4,76E+17;2
4,76E+17;1
4,76E+17;2
4,76E+17;1
4,76E+17;1
4,76E+17;1
4,76E+17;3
4,76E+17;1
4,76E+17;1
4,76E+17;1
4,76E+17;1
4,76E+17;1
4,76E+17;1
4,76E+17;1
4,76E+17;1
4,76E+17;1
4,76E+17;1
4,76E+17;2
4,76E+17;1
5;2
500;8
5,34E+15;8
595;6
6;12
7;1
7h30;8
7nicolema;1
9;1
901;2
a;104
a°;8
a°!;8
A;8
aambivalence;1
AaronVal0;1
abraáo;8
abretia;30
absurdo;8
acaba;8
aceita;8
aceitam;32
aceitando;8
acerta!;8
acesso;8
AChenLeveraged;1
acredito!;8
Active4Oceans;1
acurrucados;6
adamhclark;1
adivinha,;8
ador3red;1
agora;16
agora,;8
Agora;8
agr;8
agradecer;8
ahoy_mccoy;1
ainda;24
Ainda;8
aintnoswayze;5
ajbfong;2
Ajude;8
ajudem!;8
al;12
AL4News;1
Alemanha;8
alex_acarter14;1
alexsalazar98;1
alguÇm;8
alguns;8
AliciaSler;1
AllIeCSparkles;1
AmandaRldn;1
AmandaSol01;1
amberhopkins20;1
amore!;8
AmyNicoSchwartz;1
amyrwood;1
anala_y;2
AnaVlzq;1
AnaVzqz_;1
Andar;8
andymaclxa;1
AngieAbramovitz;1
AninhaArantes;1
ankulb;1
anos;8
anotado,;8
anthonymocklow;1
antonylondon;1
ao;8
apaixonar;8
aplicativo;8
aplicativo.;8
app;8
aprende;8
aqui;24
aqui!;8
ar,;8
Arabellam;2
ari_bermudes;1
ArielConn;1
ArnolVlsq;1
arpitpatel16;1
Arruma;16
Arrumem;24
ArturoTll;1
as;8
Asheiighhhh;1
AshMarieMonica;1
AshtonGlaser16;1
assim,;8
assim!;8
Assim;8
AtÇ;8
atendimento;8
atendimento!;8
atená∆o;8
atruthsayer;1
ATWBAnderson;2
AuPairHouston;1
austenrandel;1
AustinGirl888;1
av8trdave;1
AvGeek359;2
AvgeekMel;1
avgeekretweeter;3
@aviaciondigital;1
ayalaleslie99;1
#B757-200;2
BabySideburns;1
backpacker_16;1
BadBusinessUK;1
bagaáa!;8
bailar;6
Banco;6
Barbjgivens;1
bdccomm;1
bebà,;8
Belo;8
bem;8
bem?;8
Bem;8
ben_trud;1
BenVoss25;1
BERRO!;8
bertcomedy;1
besta.;8
bestjobsonline;3
bevelson;1
BH.;8
BigRedShops;1
BillSchember;2
BINGBING_LUXURY;1
bipolarboo;1
BizFeedz;1
BizTravelUK;1
bjensendenver;1
bJOE;1
BLeePond;3
bmaclay;1
Bmoney0513;1
bnvdesign;1
Boa;16
bomba!;8
_bpck;1
BR;8
braáada!;8
bradesco;8
Brasil;24
BRAZIL;8
BrdlyC;1
Breno.;8
breve;8
BriItalia;1
brosigchase_;1
Brucksisms;1
Buenas;30
bunnypadalino;1
BUSCO;8
CabosNews;1
Cadà;8
caindo!;8
caixa;8
cambada;8
CampAmerica69;1
camschorizo;2
canais;8
Capizzi24;1
Captain_Angua;1
cara;8
CARABOBO;8
CarInsuranceBox;2
CarlosMatthews4;1
CarmeloStar;1
CarolFracassa;1
cartao;16
cart∆o;56
cart∆o!;24
caso?;8
casselberry;1
Central;6
Chamem;8
ChaparroAlex;1
CharleanMilton;1
CharlynKoga;2
#Chatiada!;8
#Chatiado.;8
chato,;8
ChiTown_Spartan;2
choc¢;6
christinemassey;1
Chriztian_R;1
ChungKristinas;1
Chupa;16
Cibeles;12
cidade;16
CindyRys;1
citybizedinburg;2
ciudad;6
claudiavclima;1
clay_wimm_boii;1
clube;8
cmdevine;1
cobrado;8
coffey_ho;1
coisa;16
com;24
comeáaram!;8
Comecem!;8
comerse;6
comigo;8
comigo.;8
como;28
como,;8
Compr¢;6
comprando;8
Comprei;8
con;22
ConallMcN94;1
Concordo;8
ConfsnOfAmerWmn;1
conheáo;8
Conker4buckeye;1
consegue;8
Conseguiu;8
consigo;8
Consulado;8
conta.;8
CONTACTO;8
contato;8
contra;14
cookiebenc;1
Cooper11561;1
Correndo;8
corrigir;8
corta;8
cote_kcote94;1
courtkla;1
courtney_joy_13;1
coviceaperry;1
crÇdito;40
crÇdito.;8
creativereading;1
CrouseLaw;2
CustyOnAstick;1
C_WALKER22;1
CXAlert;3
Cyclingpeople;1
d†;8
da;24
dabrams2021;1
dado;8
DailyArtApp;1
DaliaBak;5
dallamjm;2
damisaacson;1
dancergirl448;1
DaniaMnts;1
DaniaRsll;1
Dani_Domingon_n;1
davrey4;1
dbstodder;1
dcubell;1
de;281
Dear_Biz;1
Deixa;8
del;38
denise_dreon;1
der,;8
desisto.;8
despontou;8
Det;1
detnu;1
devido;8
dheerajkl;1
dia;8
dificuldade;8
DimeOn29;1
dinheiro?;8
discreto;8
disponible;30
divisa;8
divulgar.;8
dmoore808;1
do;104
Do§a;6
docinaustin;1
DoctorZ;1
dois;16
DominiqueBHPawn;2
dormirse;6
dos;6
DrewPletcher;1
Dr_Mikey42;1
Drupal_Guru;4
dsunderhaft;1
duck6934;1
dunkmanboro;1
durante;8
e;104
e,;8
E;24
ealmartel;1
Echelon_Ent;1
echosvoice;1
EdwinMoralesMag;1
el;6
eletronico;8
em;56
Emanuel_0512;1
Embrace_Mexico;1
eMoreMoneyForMe;2
empezaba;6
en;36
EN;8
enamorados;6
entrar;8
entraram;8
EricaAdkins13;2
EricaGail38;1
ErikaTld;1
erro;16
es;74
espada;6
esperando;8
esperava;8
essa;24
essa!;8
esse;16
Esse;8
est†;16
estado;48
estado!;8
estado.;8
Estado;30
Estado,;8
ESTADO;8
est∆o;8
estou;32
Estou;8
eu;56
Eu;8
EubeneSa;1
EvolGina;1
explorar;8
falar;8
falànciaÖ;8
fam°lia;8
fashasha;1
faz;8
fazer;8
fds.;8
Fenìmeno;8
FerDiaz4;1
fica;16
fishrobinson;1
fiz;8
Fizemos;8
flight5752;8
Flopou;8
F_Mattioli;1
foi;8
FollowPhil;1
for;1
Fora;8
FreeHolidays_;1
fÇrias;8
fÇrias.;8
fui;16
gabrielle830614;1
GabyyEstv;1
Galo;8
ganhando!;16
ganhar;24
ganhar,;8
ganhar!;8
ganhei;8
ganhei!;8
Ganhei!;8
ganho!;8
ganhou;8
garciamallitz;1
gary_cakir;1
Gaspar;8
gastar;8
gazbiztravel;1
gbates12;2
Gem_hernandez;1
gente;8
gente!;8
Gerais;8
gerente;8
gingaSherbert;1
GiraffeBC;1
GlobeTrotScott;1
goligomez;1
governador;8
Governador;8
gpae011;1
grantneeley;1
gregkoch1;1
GripeO_Feed;3
Grrrr!;8
GsalterSalter;1
guita;8
GustavoTrj;1
GWarren76;1
ha;8
hahah;8
hahahaha;8
hay;30
heatfox;1
HectorZpata;1
hein?;8
Hey;8
highfivenice;1
hjbyhjj;1
hoje;24
hoje?;8
Holden_Mi_Ballz;1
holly_lanier;1
hora;8
HoustonNews2;1
https://twitter.com/333O0O/status/475586985328132097;1
https://twitter.com/3buzykids/status/473991714068107264;1
https://twitter.com/7nicolema/status/475392157659185152;1
https://twitter.com/aambivalence/status/474992555738673154;1
https://twitter.com/AaronVal0/status/475579079530663936;1
https://twitter.com/AChenLeveraged/status/474533339282436096;1
https://twitter.com/Active4Oceans/status/473467060832333824;1
https://twitter.com/adamhclark/status/473785905669361664;1
https://twitter.com/ador3red/status/475095341386436608;1
https://twitter.com/ahoy_mccoy/status/473607792331206657;1
https://twitter.com/aintnoswayze/status/475758593929924608;1
https://twitter.com/aintnoswayze/status/475759635077799937;1
https://twitter.com/aintnoswayze/status/475761454973345792;1
https://twitter.com/aintnoswayze/status/475774404774100992;1
https://twitter.com/aintnoswayze/status/475788008697102336;1
https://twitter.com/ajbfong/status/474435643792060416;1
https://twitter.com/ajbfong/status/474523684577628160;1
https://twitter.com/AL4News/status/474450492710748162;1
https://twitter.com/alex_acarter14/status/473185325603643392;1
https://twitter.com/alexsalazar98/status/473149922599264257;1
https://twitter.com/AliciaSler/status/475580894976417792;1
https://twitter.com/AllIeCSparkles/status/474331334673190912;1
https://twitter.com/AmandaRldn/status/475581489800052736;1
https://twitter.com/AmandaSol01/status/475579246749159426;1
https://twitter.com/amberhopkins20/status/474986010972262400;1
https://twitter.com/AmyNicoSchwartz/status/473209062151426048;1
https://twitter.com/amyrwood/status/474332619522715648;1
https://twitter.com/anala_y/status/474534476018888705;1
https://twitter.com/anala_y/status/474535316733575169;1
https://twitter.com/AnaVlzq/status/475581681664262144;1
https://twitter.com/AnaVzqz_/status/475581212292296705;1
https://twitter.com/andymaclxa/status/475149069669523456;1
https://twitter.com/AngieAbramovitz/status/473259919903182848;1
https://twitter.com/AninhaArantes/status/473563324051767296;1
https://twitter.com/ankulb/status/475621117965504514;1
https://twitter.com/anthonymocklow/status/475243306260389888;1
https://twitter.com/antonylondon/status/474948195211280384;1
https://twitter.com/Arabellam/status/475174814450073600;1
https://twitter.com/Arabellam/status/475174862558724096;1
https://twitter.com/ari_bermudes/status/475580342108430336;1
https://twitter.com/ArielConn/status/474199828982145024;1
https://twitter.com/ArnolVlsq/status/475581669848915968;1
https://twitter.com/arpitpatel16/status/473900666889326592;1
https://twitter.com/ArturoTll/status/474514838195294208;1
https://twitter.com/Asheiighhhh/status/474220965568606209;1
https://twitter.com/AshMarieMonica/status/474510657761841152;1
https://twitter.com/AshtonGlaser16/status/473570060544405504;1
https://twitter.com/atruthsayer/status/474173433035509760;1
https://twitter.com/ATWBAnderson/status/473556295396892672;1
https://twitter.com/ATWBAnderson/status/473562843485601792;1
https://twitter.com/AuPairHouston/status/474881746652000256;1
https://twitter.com/austenrandel/status/473450646776340480;1
https://twitter.com/AustinGirl888/status/475571092208504832;1
https://twitter.com/av8trdave/status/474206294149046272;1
https://twitter.com/AvGeek359/status/474420955234570240;1
https://twitter.com/AvGeek359/status/474793587922583552;1
https://twitter.com/AvgeekMel/status/473198596956110848;1
https://twitter.com/avgeekretweeter/status/474022355157520386;1
https://twitter.com/avgeekretweeter/status/475083221940854784;1
https://twitter.com/avgeekretweeter/status/475185642125926402;1
https://twitter.com/ayalaleslie99/status/475555678354825216;1
https://twitter.com/BabySideburns/status/475774295655059456;1
https://twitter.com/backpacker_16/status/475641304077328384;1
https://twitter.com/BadBusinessUK/status/475766505834307585;1
https://twitter.com/Barbjgivens/status/475387501511983104;1
https://twitter.com/bdccomm/status/475727673847582720;1
https://twitter.com/ben_trud/status/475671834713915392;1
https://twitter.com/BenVoss25/status/474287161911832576;1
https://twitter.com/bertcomedy/status/474582976643493888;1
https://twitter.com/bestjobsonline/status/473155301139431425;1
https://twitter.com/bestjobsonline/status/474048409838436353;1
https://twitter.com/bestjobsonline/status/475261701810438144;1
https://twitter.com/bevelson/status/473517946338549760;1
https://twitter.com/BigRedShops/status/474628828652765184;1
https://twitter.com/BillSchember/status/474247765166260224;1
https://twitter.com/BillSchember/status/474648543576092672;1
https://twitter.com/BINGBING_LUXURY/status/473422514040111104;1
https://twitter.com/bipolarboo/status/473904588350033920;1
https://twitter.com/BizFeedz/status/473571905966841856;1
https://twitter.com/BizTravelUK/status/474612305318383616;1
https://twitter.com/bjensendenver/status/474366306247262209;1
https://twitter.com/bJOE/status/473905806451015680;1
https://twitter.com/BLeePond/status/473989430391230464;1
https://twitter.com/BLeePond/status/474342593464385536;1
https://twitter.com/BLeePond/status/475233751652651008;1
https://twitter.com/bmaclay/status/474032639456718848;1
https://twitter.com/Bmoney0513/status/475692921513992193;1
https://twitter.com/bnvdesign/status/475380175945728000;1
https://twitter.com/_bpck/status/473588213009752065;1
https://twitter.com/BrdlyC/status/475124667569561600;1
https://twitter.com/BriItalia/status/475438655222198272;1
https://twitter.com/brosigchase_/status/473091034948177921;1
https://twitter.com/Brucksisms/status/473197941533204481;1
https://twitter.com/bunnypadalino/status/475006503095521280;1
https://twitter.com/CabosNews/status/475310887432384514;1
https://twitter.com/CampAmerica69/status/473923770709594112;1
https://twitter.com/camschorizo/status/473585369544273920;1
https://twitter.com/camschorizo/status/473585689586847744;1
https://twitter.com/Capizzi24/status/474591868685402112;1
https://twitter.com/Captain_Angua/status/475730979374792705;1
https://twitter.com/CarInsuranceBox/status/473939067961221120;1
https://twitter.com/CarInsuranceBox/status/473939069806731265;1
https://twitter.com/CarlosMatthews4/status/473855887824519169;1
https://twitter.com/CarmeloStar/status/474173501705056256;1
https://twitter.com/CarolFracassa/status/474629387208654848;1
https://twitter.com/casselberry/status/473506197723561984;1
https://twitter.com/ChaparroAlex/status/473996916645052416;1
https://twitter.com/CharleanMilton/status/473645840880644096;1
https://twitter.com/CharlynKoga/status/473930419448971264;1
https://twitter.com/CharlynKoga/status/473930423324520449;1
https://twitter.com/ChiTown_Spartan/status/473562758781616128;1
https://twitter.com/ChiTown_Spartan/status/473564454563901442;1
https://twitter.com/christinemassey/status/475592902299910144;1
https://twitter.com/Chriztian_R/status/475704525001883648;1
https://twitter.com/ChungKristinas/status/473938364240896000;1
https://twitter.com/CindyRys/status/475581769002270720;1
https://twitter.com/citybizedinburg/status/474088129914482688;1
https://twitter.com/citybizedinburg/status/474090116437528576;1
https://twitter.com/claudiavclima/status/474949288829521922;1
https://twitter.com/clay_wimm_boii/status/474598517215096832;1
https://twitter.com/cmdevine/status/474470643195711488;1
https://twitter.com/coffey_ho/status/473283586565865472;1
https://twitter.com/ConallMcN94/status/475572944337657856;1
https://twitter.com/ConfsnOfAmerWmn/status/474559730996633601;1
https://twitter.com/Conker4buckeye/status/473827253131177984;1
https://twitter.com/cookiebenc/status/473833749604728832;1
https://twitter.com/Cooper11561/status/474053470727581696;1
https://twitter.com/cote_kcote94/status/473257971557085184;1
https://twitter.com/courtkla/status/475263360804847616;1
https://twitter.com/courtney_joy_13/status/475412217727180800;1
https://twitter.com/coviceaperry/status/474629221453553666;1
https://twitter.com/creativereading/status/473938323686162433;1
https://twitter.com/CrouseLaw/status/473540836928806913;1
https://twitter.com/CrouseLaw/status/474193895698739200;1
https://twitter.com/CustyOnAstick/status/473294943185027073;1
https://twitter.com/C_WALKER22/status/474730893827784704;1
https://twitter.com/CXAlert/status/474402798466240512;1
https://twitter.com/CXAlert/status/474578374632144896;1
https://twitter.com/CXAlert/status/474664552291110913;1
https://twitter.com/Cyclingpeople/status/474714534171926529;1
https://twitter.com/dabrams2021/status/474340991944896512;1
https://twitter.com/DailyArtApp/status/474907027895242754;1
https://twitter.com/DaliaBak/status/475248726521683970;1
https://twitter.com/DaliaBak/status/475249151169814528;1
https://twitter.com/DaliaBak/status/475253429661474816;1
https://twitter.com/DaliaBak/status/475310228288724993;1
https://twitter.com/DaliaBak/status/475316862348435457;1
https://twitter.com/dallamjm/status/474670064218947585;1
https://twitter.com/dallamjm/status/474671501304954883;1
https://twitter.com/damisaacson/status/474528625342291968;1
https://twitter.com/dancergirl448/status/473264988380209154;1
https://twitter.com/DaniaMnts/status/475582970838155264;1
https://twitter.com/DaniaRsll/status/475581551770869760;1
https://twitter.com/Dani_Domingon_n/status/475580069197672448;1
https://twitter.com/davrey4/status/473168160171233280;1
https://twitter.com/dbstodder/status/474199765500968962;1
https://twitter.com/dcubell/status/475029429048332288;1
https://twitter.com/Dear_Biz/status/475036281677045760;1
https://twitter.com/denise_dreon/status/473819754730250241;1
https://twitter.com/detnu/status/473233757961723904;1
https://twitter.com/dheerajkl/status/475110845748240384;1
https://twitter.com/DimeOn29/status/474722118643376128;1
https://twitter.com/dmoore808/status/475288888932839424;1
https://twitter.com/docinaustin/status/474230278391468032;1
https://twitter.com/DoctorZ/status/475738564828086272;1
https://twitter.com/DominiqueBHPawn/status/473153596742045696;1
https://twitter.com/DominiqueBHPawn/status/473154685893746688;1
https://twitter.com/DrewPletcher/status/473225939216633857;1
https://twitter.com/Dr_Mikey42/status/474907383496704000;1
https://twitter.com/Drupal_Guru/status/473247104857427968;1
https://twitter.com/Drupal_Guru/status/473247151359660032;1
https://twitter.com/Drupal_Guru/status/473247297828974592;1
https://twitter.com/Drupal_Guru/status/473247790638723072;1
https://twitter.com/dsunderhaft/status/473591173668696064;1
https://twitter.com/duck6934/status/475750391234043904;1
https://twitter.com/dunkmanboro/status/473637871237468160;1
https://twitter.com/ealmartel/status/474576815277617152;1
https://twitter.com/Echelon_Ent/status/473944025913782273;1
https://twitter.com/echosvoice/status/474601863996657664;1
https://twitter.com/EdwinMoralesMag/status/473396623738159104;1
https://twitter.com/Emanuel_0512/status/475620799089352704;1
https://twitter.com/Embrace_Mexico/status/474571168595181568;1
https://twitter.com/eMoreMoneyForMe/status/473940138884464640;1
https://twitter.com/eMoreMoneyForMe/status/473940141241663489;1
https://twitter.com/EricaAdkins13/status/474323704852131840;1
https://twitter.com/EricaAdkins13/status/475769023498444802;1
https://twitter.com/EricaGail38/status/473414821875294209;1
https://twitter.com/ErikaTld/status/475578976795389952;1
https://twitter.com/EubeneSa/status/475025060001226753;1
https://twitter.com/EvolGina/status/473296205049368576;1
https://twitter.com/fashasha/status/475011255603036160;1
https://twitter.com/FerDiaz4/status/474890870869614592;1
https://twitter.com/fishrobinson/status/474583390591913985;1
https://twitter.com/F_Mattioli/status/475766735631839232;1
https://twitter.com/FollowPhil/status/473838873525911552;1
https://twitter.com/FreeHolidays_/status/473416136697331712;1
https://twitter.com/gabrielle830614/status/474313920858292224;1
https://twitter.com/GabyyEstv/status/474758103653974016;1
https://twitter.com/garciamallitz/status/473444056442220545;1
https://twitter.com/gary_cakir/status/473487448581083136;1
https://twitter.com/gazbiztravel/status/474473948064022528;1
https://twitter.com/gbates12/status/474955150512377856;1
https://twitter.com/gbates12/status/474999356710342657;1
https://twitter.com/Gem_hernandez/status/475579728750182400;1
https://twitter.com/gingaSherbert/status/473267125545869312;1
https://twitter.com/GiraffeBC/status/475660763030228992;1
https://twitter.com/GlobeTrotScott/status/474256449066254337;1
https://twitter.com/goligomez/status/474173683724861440;1
https://twitter.com/gpae011/status/474584410344665088;1
https://twitter.com/grantneeley/status/475062554545233920;1
https://twitter.com/gregkoch1/status/474978973076570112;1
https://twitter.com/GripeO_Feed/status/474403349937537024;1
https://twitter.com/GripeO_Feed/status/474577735512514560;1
https://twitter.com/GripeO_Feed/status/474663220079513600;1
https://twitter.com/GsalterSalter/status/473488275173548032;1
https://twitter.com/GustavoTrj/status/474514292214341632;1
https://twitter.com/GWarren76/status/473820006288195585;1
https://twitter.com/heatfox/status/473258232040153088;1
https://twitter.com/HectorZpata/status/474517962318413824;1
https://twitter.com/highfivenice/status/474341068138614785;1
https://twitter.com/hjbyhjj/status/475586662655733761;1
https://twitter.com/Holden_Mi_Ballz/status/475504889838071808;1
https://twitter.com/holly_lanier/status/475002484751355904;1
https://twitter.com/HoustonNews2/status/474189095120666625;1
https://twitter.com/IAdvertiseForU/status/473931319794085888;1
https://twitter.com/iAmKYMARA/status/474897259914874880;1
https://twitter.com/iAmKYMARA/status/474898709449539584;1
https://twitter.com/IAmLivinLavish/status/473130927665594369;1
https://twitter.com/IanZhangyiran/status/474005642785476610;1
https://twitter.com/IBeBuntin/status/474549481716056064;1
https://twitter.com/iceman_23/status/475721618971312128;1
https://twitter.com/icingmist/status/473470468058791937;1
https://twitter.com/ignaciolores/status/473106255473410048;1
https://twitter.com/ill_will_ink/status/473916130763870208;1
https://twitter.com/ingriddanler/status/475808774288982016;1
https://twitter.com/ingridserban/status/474610095985131520;1
https://twitter.com/itsravendar/status/474221098377019393;1
https://twitter.com/JackieGolas/status/474521584040812544;1
https://twitter.com/JapanRetweet/status/473108792058863616;1
https://twitter.com/Jason_E_King/status/474738176930500610;1
https://twitter.com/jasongwelz/status/474166429994864640;1
https://twitter.com/jasonmassey_/status/473698076964564992;1
https://twitter.com/jawsoft/status/473416015485730816;1
https://twitter.com/JBernierJDM/status/473536334741917696;1
https://twitter.com/JCS606/status/473812067603185664;1
https://twitter.com/jeffeisenhard/status/473150529749921792;1
https://twitter.com/Jeff_Holeman/status/473542099133300736;1
https://twitter.com/Jeff_Holeman/status/474571166745509888;1
https://twitter.com/jeffreyhawkey/status/473834478809661440;1
https://twitter.com/JefTsang/status/474605510134882304;1
https://twitter.com/jemfreight/status/474161554293026816;1
https://twitter.com/jenkerber/status/474939202858012674;1
https://twitter.com/jenmcunningham/status/475455738224324608;1
https://twitter.com/jenmcunningham/status/475461367370379264;1
https://twitter.com/jenmcunningham/status/475478512913367040;1
https://twitter.com/jenmcunningham/status/475501165996937216;1
https://twitter.com/jenmcunningham/status/475762550257500160;1
https://twitter.com/Jessikha_rabbit/status/474600908437741568;1
https://twitter.com/JFKRetweet/status/474469142339551232;1
https://twitter.com/jgskup/status/475443878338637824;1
https://twitter.com/jimbull/status/474984454591488000;1
https://twitter.com/jimbull/status/474984893319880704;1
https://twitter.com/jimbull/status/474985223210291200;1
https://twitter.com/JimenaDrnts/status/475580938181935104;1
https://twitter.com/jisse_cobah/status/475579345952866304;1
https://twitter.com/JKalena123/status/475114512215863297;1
https://twitter.com/JLBizniss/status/474006338603737090;1
https://twitter.com/jlhtwts/status/473787675296940032;1
https://twitter.com/JLP005/status/474583509760503808;1
https://twitter.com/jmaltabes/status/473542489379311616;1
https://twitter.com/jmaltabes/status/473607782567280640;1
https://twitter.com/jmaltabes/status/473618827050491904;1
https://twitter.com/jmaltabes/status/475029579665801216;1
https://twitter.com/jmaltabes/status/475031521259454465;1
https://twitter.com/jmaltabes/status/475042044684292098;1
https://twitter.com/jmaltabes/status/475064197571559424;1
https://twitter.com/jmaltabes/status/475078245491044352;1
https://twitter.com/jmaltabes/status/475141360257748992;1
https://twitter.com/Jodilynn85RN/status/474910791096098816;1
https://twitter.com/jodm/status/475796716940046338;1
https://twitter.com/JoeB_PDX/status/474689862092611584;1
https://twitter.com/JoeDeaux/status/474932124215422976;1
https://twitter.com/JoeFauth/status/474337783193305088;1
https://twitter.com/JoeFauth/status/474339268819959809;1
https://twitter.com/johnlmurphy/status/475014909416468480;1
https://twitter.com/johnlmurphy/status/475065078405148672;1
https://twitter.com/JohnnaT1/status/473239124199997440;1
https://twitter.com/jojosiegall/status/473221333518913536;1
https://twitter.com/JokersLogic/status/474979623717978112;1
https://twitter.com/jonbergmann/status/474709650063892480;1
https://twitter.com/Jordiehlers/status/473878661221740544;1
https://twitter.com/JorgeSia_/status/474516195203641344;1
https://twitter.com/JosephMoyet/status/473522053333938176;1
https://twitter.com/JoshuaKrammes/status/475231284994654208;1
https://twitter.com/jrkordash/status/474284960497827840;1
https://twitter.com/jro282876/status/475252711722864640;1
https://twitter.com/js_brewington/status/473248077328175104;1
https://twitter.com/jschaffert/status/473534987409829888;1
https://twitter.com/juicylovemexo/status/475068442198814720;1
https://twitter.com/juicylovemexo/status/475150615312494592;1
https://twitter.com/julesdw/status/474622448676401152;1
https://twitter.com/JulieGrandison7/status/474316034401660928;1
https://twitter.com/jumpingbeanjd/status/475722485535494144;1
https://twitter.com/JustConcierge/status/473940070831898624;1
https://twitter.com/JustConcierge/status/473940073352683520;1
https://twitter.com/JustinMWolfe/status/474917549843677184;1
https://twitter.com/justplanes/status/475070760814669824;1
https://twitter.com/kacw/status/474161077035352064;1
https://twitter.com/kacw/status/474165601569492992;1
https://twitter.com/Kanaleilei12/status/474273682462752768;1
https://twitter.com/KareliaSchmitz/status/473208664632094721;1
https://twitter.com/Karenlsullivan9/status/474606321438711808;1
https://twitter.com/kbull53/status/474655526161489921;1
https://twitter.com/keemberbee/status/473114531233681408;1
https://twitter.com/keialomar/status/474602538038460416;1
https://twitter.com/keialomar/status/474602556816388096;1
https://twitter.com/keialomar/status/474605497182851072;1
https://twitter.com/keialomar/status/474674147839442946;1
https://twitter.com/kellygray9/status/473360851047419904;1
https://twitter.com/KEVELAIR/status/474554825095802881;1
https://twitter.com/KEVELAIR/status/474874017128517632;1
https://twitter.com/KevinIvyMcLeod/status/473693149437911041;1
https://twitter.com/KikisTame/status/474757005991628800;1
https://twitter.com/kirtcarstens/status/475736705086279680;1
https://twitter.com/kirtcarstens/status/475773976497901568;1
https://twitter.com/kirtcarstens/status/475794207370928129;1
https://twitter.com/kissanu/status/475018418312065024;1
https://twitter.com/KittieChamille/status/474765439978201088;1
https://twitter.com/klarexxi/status/475284034755756032;1
https://twitter.com/KyOnLifee/status/474278768198971392;1
https://twitter.com/l0renaalcantara/status/474683692011757568;1
https://twitter.com/laboiteny/status/475743110677278721;1
https://twitter.com/LaraineCasado/status/474615594827124736;1
https://twitter.com/laurtravels/status/474610877162074113;1
https://twitter.com/LawrenceStout/status/474258536349069312;1
https://twitter.com/layoverlife/status/474365806781165570;1
https://twitter.com/lefty1/status/475215794754691072;1
https://twitter.com/lefty1/status/475238255135166464;1
https://twitter.com/levinkoshy/status/473933386482847744;1
https://twitter.com/LGDuPlain/status/475476832675180544;1
https://twitter.com/LGDuPlain/status/475505088983998464;1
https://twitter.com/libardgutierrez/status/473484147202080768;1
https://twitter.com/lindsaymalbec/status/475794561428492288;1
https://twitter.com/LiviaCaterina/status/475321074582687745;1
https://twitter.com/lizaCOOPEL/status/475579315292483585;1
https://twitter.com/LocalMemphis/status/473260227702190080;1
https://twitter.com/Lolafalona/status/473474194605608960;1
https://twitter.com/loricarper/status/473639976287346688;1
https://twitter.com/loricarper/status/473647821355483137;1
https://twitter.com/LouisMMoran/status/473061440430305280;1
https://twitter.com/luis_gv/status/475052540535779329;1
https://twitter.com/LuisRamirezOr/status/474600630355382273;1
https://twitter.com/Lurch_LT/status/475330346083688449;1
https://twitter.com/madelainegerman/status/474361393165381632;1
https://twitter.com/maggielmiller/status/474596763475931136;1
https://twitter.com/Maldolec_/status/475579223579840512;1
https://twitter.com/malonerob/status/474155872776908800;1
https://twitter.com/ManAcosta6/status/475579349119537152;1
https://twitter.com/manimalsguide/status/473145760482361344;1
https://twitter.com/marcusterell/status/473962119075864577;1
https://twitter.com/MarcyQh/status/473645107053600768;1
https://twitter.com/_MarkLuna/status/473480684783546368;1
https://twitter.com/MarkMurphy2011/status/474254050289266689;1
https://twitter.com/MARosmarin/status/475022789301112833;1
https://twitter.com/MARosmarin/status/475027513278992384;1
https://twitter.com/Marta_CHA/status/475293442978111488;1
https://twitter.com/marymcnamara/status/475641126129369088;1
https://twitter.com/marymcnamara/status/475643653734408192;1
https://twitter.com/marymcnamara/status/475647041628958721;1
https://twitter.com/marymcnamara/status/475680123732373504;1
https://twitter.com/marymcnamara/status/475683558661427200;1
https://twitter.com/marymcnamara/status/475694133785268225;1
https://twitter.com/MasonHamilton52/status/474400916531994624;1
https://twitter.com/mattisnotscary/status/473465915606962176;1
https://twitter.com/_MattWay/status/475284426709303297;1
https://twitter.com/MaxLosk/status/474039533923614721;1
https://twitter.com/mbakerafc/status/473993090630311937;1
https://twitter.com/mbakerafc/status/473994891895115777;1
https://twitter.com/MBrennTweets/status/473674591466835968;1
https://twitter.com/Mecuenta/status/474293135879585792;1
https://twitter.com/mekenel/status/474256705182646272;1
https://twitter.com/melinozturk/status/474234622017302529;1
https://twitter.com/MelissaGraver/status/475793046571720704;1
https://twitter.com/Melody_Meade/status/475310549513670657;1
https://twitter.com/Menardval/status/473504684020219905;1
https://twitter.com/MidlinkTravel/status/474087915061252096;1
https://twitter.com/MidlinkTravel/status/474088656387727360;1
https://twitter.com/mikejturk/status/475423371002658816;1
https://twitter.com/mikejturk/status/475424353031421952;1
https://twitter.com/mikejturk/status/475429891345637376;1
https://twitter.com/MikeKelley8/status/475701419677597696;1
https://twitter.com/MikeKelley8/status/475727625126952961;1
https://twitter.com/MikeKelley8/status/475728089981657088;1
https://twitter.com/MikeKelley8/status/475728721157308417;1
https://twitter.com/Mike_Kiely/status/473862742416588800;1
https://twitter.com/MikeLaFollette1/status/475751289255911424;1
https://twitter.com/_mikemorris/status/474931808925401090;1
https://twitter.com/MimiLombardo/status/474192911626551297;1
https://twitter.com/MINlONS/status/474514849310212096;1
https://twitter.com/MINlONS/status/475651212604608512;1
https://twitter.com/Mishy414/status/475287743430664192;1
https://twitter.com/misslizz714/status/473852678716788736;1
https://twitter.com/missmimicole/status/473870016275046400;1
https://twitter.com/mizzgaizel/status/473120543097364481;1
https://twitter.com/mknzdance730/status/475302460945203200;1
https://twitter.com/mlake31/status/473819929758928896;1
https://twitter.com/mojogrind/status/474666092666032128;1
https://twitter.com/mons_monz/status/475462592736296960;1
https://twitter.com/Mozziey/status/474304919076630529;1
https://twitter.com/mphcoach/status/474874206698872833;1
https://twitter.com/mphcoach/status/474875124152147970;1
https://twitter.com/MrsXXV25/status/474278622346629120;1
https://twitter.com/M_Schnell09/status/473510473015369728;1
https://twitter.com/msnyderdesign/status/474744455946596352;1
https://twitter.com/MUC_Spotter/status/475183863229317120;1
https://twitter.com/MuhammadAyers13/status/474736882581258240;1
https://twitter.com/mummyrose/status/474552107925000192;1
https://twitter.com/nahyrb/status/473660497548435456;1
https://twitter.com/nathills/status/475651494213992448;1
https://twitter.com/Neil_Stewart_1/status/473212264917774337;1
https://twitter.com/Neil_Stewart_1/status/473554834185277440;1
https://twitter.com/Neil_Stewart_1/status/473579390094557184;1
https://twitter.com/Neil_Stewart_1/status/473579800402337793;1
https://twitter.com/Neil_Stewart_1/status/473585772109770753;1
https://twitter.com/NeriumResults4U/status/475771497098018816;1
https://twitter.com/newrock95x/status/474281993320951808;1
https://twitter.com/NewYorkRetweets/status/473416459797159936;1
https://twitter.com/nicolemathe/status/474391193070338048;1
https://twitter.com/NicParmar/status/474944957539569665;1
https://twitter.com/NinkiCZ/status/473631526367019008;1
https://twitter.com/NinkiCZ/status/473635119551361024;1
https://twitter.com/nirajsshah/status/474683413065375744;1
https://twitter.com/nitinbhas/status/475181616189689856;1
https://twitter.com/nmg413/status/473250288942735361;1
https://twitter.com/nmyatt13/status/473203188972408832;1
https://twitter.com/noel_jacobs/status/474739664096485376;1
https://twitter.com/NormPoynter/status/474699015464824833;1
https://twitter.com/ntakemetonandos/status/474835005659951104;1
https://twitter.com/OA260/status/475082923277041664;1
https://twitter.com/obiterloquitur/status/475428172633096192;1
https://twitter.com/oceanracerSF/status/473909590002638848;1
https://twitter.com/OctavioEspinal/status/474512581722652672;1
https://twitter.com/OctavioEspinal/status/475648970572591106;1
https://twitter.com/Ohio_Wolf/status/474665866312024064;1
https://twitter.com/Ohsnap_Megan/status/474318719049428992;1
https://twitter.com/olyhandro25/status/475742816640200706;1
https://twitter.com/olyhandro25/status/475742932381626370;1
https://twitter.com/olyhandro25/status/475743955137880064;1
https://twitter.com/orne_pattison/status/475579605848694784;1
https://twitter.com/paestef/status/473808306663096320;1
https://twitter.com/PamelaBacorn/status/473829297531404288;1
https://twitter.com/papajoeatx/status/473506702172504064;1
https://twitter.com/papajoeatx/status/473586281596071938;1
https://twitter.com/parishair/status/473390532484694016;1
https://twitter.com/pascmont/status/474841488636252160;1
https://twitter.com/passion4traveln/status/474845820861165568;1
https://twitter.com/PatMordaunt/status/474198712046981120;1
https://twitter.com/patrickjacobson/status/474425704570822656;1
https://twitter.com/patstravelrevu/status/474021915175034881;1
https://twitter.com/PauSaenz12/status/474173679195017216;1
https://twitter.com/PChinky22/status/475808152999698432;1
https://twitter.com/Pena_sahara/status/475581248216514560;1
https://twitter.com/phenomeNELLE/status/473644378725314561;1
https://twitter.com/phenomeNELLE/status/473648020718751744;1
https://twitter.com/pieckm/status/475036024456761345;1
https://twitter.com/_pierregiovanni/status/475736036601905152;1
https://twitter.com/_pierregiovanni/status/475736430216355840;1
https://twitter.com/_pierregiovanni/status/475737096087273472;1
https://twitter.com/_pierregiovanni/status/475737454087917568;1
https://twitter.com/_pierregiovanni/status/475737876466921473;1
https://twitter.com/_pierregiovanni/status/475738008088375297;1
https://twitter.com/pilot_normalgrl/status/474913047866118144;1
https://twitter.com/PITISPOTTERCLUB/status/475240889192042496;1
https://twitter.com/PittsbgPirate/status/474336618896039936;1
https://twitter.com/Planelover777/status/474601398626045953;1
https://twitter.com/PLAYBXY5150/status/474865285489377280;1
https://twitter.com/PooochieePooper/status/473482871257448448;1
https://twitter.com/postcardsfromny/status/474813002475393024;1
https://twitter.com/PresidentGomez1/status/473902266961772544;1
https://twitter.com/Price1687/status/475092563741798400;1
https://twitter.com/Pruezy19/status/474290985389023233;1
https://twitter.com/PublicoMx/status/474910995195121665;1
https://twitter.com/rachelkmb/status/473267147502678016;1
https://twitter.com/rachelkmb/status/473272898065399808;1
https://twitter.com/rachelkmb/status/473296914541080579;1
https://twitter.com/raj_vachhani/status/475179751192018944;1
https://twitter.com/ranata_aguirre/status/475580184859787264;1
https://twitter.com/ranjitiyer/status/474259847932686336;1
https://twitter.com/ranlgre/status/474501278316638208;1
https://twitter.com/Ransonnote/status/474545218251804673;1
https://twitter.com/RaquelDCarvajal/status/474992615578824704;1
https://twitter.com/ratnamaravind/status/475780531641016320;1
https://twitter.com/RaylenX/status/475154863215480834;1
https://twitter.com/rblument1/status/474343872307658752;1
https://twitter.com/rdgresident/status/473821188766961664;1
https://twitter.com/RDIZZAL/status/474704384916733952;1
https://twitter.com/Red7Holidays/status/473412125621485569;1
https://twitter.com/Red7Holidays/status/473412900577873920;1
https://twitter.com/Red7Honeymoon/status/473413481417699328;1
https://twitter.com/Red7Honeymoon/status/473420524526526464;1
https://twitter.com/ReneSRios/status/474296613125361664;1
https://twitter.com/repinJC/status/474657124937900032;1
https://twitter.com/RichardPLingard/status/474061353905577984;1
https://twitter.com/RJThieneman/status/475733917027147776;1
https://twitter.com/rmhnyc/status/474550098320711681;1
https://twitter.com/rmhnyc/status/474550538127044608;1
https://twitter.com/rmhnyc/status/474566952971960320;1
https://twitter.com/Rndubois/status/474339302651211776;1
https://twitter.com/RoadTips/status/475808021717999616;1
https://twitter.com/RobertoVllar/status/475582520210489344;1
https://twitter.com/rogertheherb/status/475440057047089153;1
https://twitter.com/Rogue_Photo/status/474260332492619777;1
https://twitter.com/rolfester/status/474465800523624448;1
https://twitter.com/rolfester/status/474575839070142464;1
https://twitter.com/rommy_barrios/status/475580544965951488;1
https://twitter.com/Ronnie_Matrix/status/474301383219232768;1
https://twitter.com/ROSAL_CARMINA/status/475579614308622336;1
https://twitter.com/RyanKimball13/status/473984874047492096;1
https://twitter.com/RyeL0wc/status/475320228247638016;1
https://twitter.com/sabschin/status/473190106686586881;1
https://twitter.com/sabschin/status/473279586340708352;1
https://twitter.com/sabschin/status/473287992891949057;1
https://twitter.com/sammy_honsha/status/474206138851139584;1
https://twitter.com/SarahLin1/status/473147962298605568;1
https://twitter.com/SarahLin1/status/473271924790165504;1
https://twitter.com/secondsedgwick/status/473222942193487872;1
https://twitter.com/SERAPH1/status/473079068800589824;1
https://twitter.com/sethbuck12/status/473537285099896832;1
https://twitter.com/SEvangeline/status/475765677132091392;1
https://twitter.com/sforetweet/status/473915287516237825;1
https://twitter.com/sforetweet/status/474227037511901185;1
https://twitter.com/sforgosh/status/475619903417106432;1
https://twitter.com/sgmateus/status/473454408102346752;1
https://twitter.com/ShannonAndrick/status/473548442770214913;1
https://twitter.com/ShannonGennette/status/475262872805965824;1
https://twitter.com/SharonSrock/status/473356616906330112;1
https://twitter.com/SharonSvll/status/475580179986010112;1
https://twitter.com/SheGotCake/status/473943309212065792;1
https://twitter.com/SheinaElle/status/473377326076395520;1
https://twitter.com/sherrysmith32/status/475300926098800640;1
https://twitter.com/ShiftYourGaze/status/475791711470252032;1
https://twitter.com/shugatee/status/475008279555612672;1
https://twitter.com/SinSex_London/status/473732612742062080;1
https://twitter.com/SinSex_London/status/473733391129776128;1
https://twitter.com/SinSex_London/status/474000660740853762;1
https://twitter.com/SinSex_London/status/475784946339287040;1
https://twitter.com/Sir_Fahrenheit/status/473999367402053635;1
https://twitter.com/SirRotalot/status/473469355964252160;1
https://twitter.com/SirRotalot/status/473479807045746689;1
https://twitter.com/SirRotalot/status/473520320356548608;1
https://twitter.com/SirRotalot/status/473663544639365120;1
https://twitter.com/SirRotalot/status/473717827351097344;1
https://twitter.com/Sjd53Sally/status/475313844659957760;1
https://twitter.com/soham_pablo/status/474401711306838017;1
https://twitter.com/songflutes/status/474743408914096128;1
https://twitter.com/Sri_AT72/status/475186875435864064;1
https://twitter.com/steffenxy/status/473069859493134336;1
https://twitter.com/steve13_1/status/474690912606752769;1
https://twitter.com/SteveFinch_TC/status/474120256638971904;1
https://twitter.com/Steve_Harries22/status/473162290942865408;1
https://twitter.com/StevenDickens3/status/474662626845548544;1
https://twitter.com/StevenDickens3/status/474684420663021568;1
https://twitter.com/SteveWright1023/status/473274982693617664;1
https://twitter.com/Stornblom/status/475038772984172544;1
https://twitter.com/Supermom2020/status/474180721532481536;1
https://twitter.com/switchfooter04/status/475601374390931456;1
https://twitter.com/SwizzleDeals/status/473918819950272513;1
https://twitter.com/SwizzleDeals/status/473919711797727232;1
https://twitter.com/take2editor/status/473259611412123648;1
https://twitter.com/TaliaFagan/status/474751438749319168;1
https://twitter.com/TaxReturnCoach/status/474180073567047680;1
https://twitter.com/tedreednc/status/474256326621552641;1
https://twitter.com/tedreednc/status/474542110276714496;1
https://twitter.com/tedreednc/status/474931948289150976;1
https://twitter.com/TheAimage/status/474520231923052544;1
https://twitter.com/THEBINGBING_COM/status/473421482698473472;1
https://twitter.com/thechagem/status/475077063028658176;1
https://twitter.com/thegrandbevy/status/474302976899547136;1
https://twitter.com/TheLeeBase/status/474901255413051392;1
https://twitter.com/TheWowzaban/status/474756798298484736;1
https://twitter.com/thisisrtm/status/474004278927826945;1
https://twitter.com/Thrash_goth/status/473469320941805568;1
https://twitter.com/TimaShaker/status/473582890660663296;1
https://twitter.com/Tim_Singer3/status/473525074356883457;1
https://twitter.com/tmlgirl/status/474986105494700032;1
https://twitter.com/TommiMH/status/474682393928794112;1
https://twitter.com/Tom_Spannring/status/473142996213301248;1
https://twitter.com/ToniMoCurrie/status/473515105851027456;1
https://twitter.com/tonylongo/status/474143245497540608;1
https://twitter.com/ToriSkiGirl/status/475758516188086273;1
https://twitter.com/tragicbaby/status/474364649828532226;1
https://twitter.com/traveltrivia4u/status/475327549862850562;1
https://twitter.com/travelworld373/status/473416683248709632;1
https://twitter.com/TRCelerity/status/474909945238786049;1
https://twitter.com/tribe4life/status/474303965471846400;1
https://twitter.com/trigirl005/status/474082428525768704;1
https://twitter.com/TTCNoticias/status/474099711645728769;1
https://twitter.com/TTCNotizie/status/473855176080510976;1
https://twitter.com/TUCKERSMM13/status/473995637864681472;1
https://twitter.com/tvsdrumr/status/473224123754102784;1
https://twitter.com/Twerkbeck/status/474028978198417410;1
https://twitter.com/twmntwins/status/474034649786642432;1
https://twitter.com/TWtravelnews/status/474610742852071425;1
https://twitter.com/umvox/status/474665647319035904;1
https://twitter.com/uniqcarmen/status/473646679036796928;1
https://twitter.com/unitedairlane/status/474305601313726464;1
https://twitter.com/UnitedFlyerHD/status/475774838960058368;1
https://twitter.com/UrbanTortilla/status/474340215754985472;1
https://twitter.com/URobot/status/474415416874250240;1
https://twitter.com/vasilrambi/status/474008097141166081;1
https://twitter.com/vettnut/status/473654379657322497;1
https://twitter.com/ViliusAdomaitis/status/475397559012585472;1
https://twitter.com/Vi_Wolf_King/status/473179737956057088;1
https://twitter.com/Vi_Wolf_King/status/473203633467584512;1
https://twitter.com/Vi_Wolf_King/status/473204153821298691;1
https://twitter.com/Vi_Wolf_King/status/473204379944624128;1
https://twitter.com/Vi_Wolf_King/status/473204394578563076;1
https://twitter.com/Vi_Wolf_King/status/473207151197188096;1
https://twitter.com/Vi_Wolf_King/status/473213023239540736;1
https://twitter.com/VMediaPro/status/474253060256972800;1
https://twitter.com/VMediaPro/status/474277663293857792;1
https://twitter.com/vokhal/status/475293102681239552;1
https://twitter.com/VolarEsPasion/status/474888238797434880;1
https://twitter.com/VT_Amanda/status/473634187241480192;1
https://twitter.com/warrenjacob/status/475409868837621760;1
https://twitter.com/warrenjacob/status/475410839970000896;1
https://twitter.com/Webster88/status/473222264482058240;1
https://twitter.com/wildert/status/473297422077411328;1
https://twitter.com/wildert/status/473297633420009472;1
https://twitter.com/wildert/status/473297760582897664;1
https://twitter.com/WindyCityBowler/status/475406815896014848;1
https://twitter.com/WMCActionNews5/status/473256028294086656;1
https://twitter.com/WMGdmcs/status/474644380708790272;1
https://twitter.com/WMGdmcs/status/474962771411738624;1
https://twitter.com/WochitNews/status/473897044437118976;1
https://twitter.com/worldtravlur/status/473190082925445122;1
https://twitter.com/WSHRetweet/status/474874880778063872;1
https://twitter.com/xCallie13x/status/475318744831385600;1
https://twitter.com/xinyuanine/status/473596000507289600;1
https://twitter.com/Xivaga/status/475302016017633280;1
https://twitter.com/xseriouskissx/status/474750191879204865;1
https://twitter.com/YaDaChef/status/474589423816818688;1
https://twitter.com/YaDaChef/status/474969468414599168;1
https://twitter.com/yccsoy/status/473587619553869824;1
https://twitter.com/yortkrause/status/475762244354334720;1
https://twitter.com/yortkrause/status/475762682411614210;1
https://twitter.com/YoungJennings_3/status/475296715697053696;1
https://twitter.com/your_neighbor/status/475807207565848577;1
https://twitter.com/YourPalPill/status/473820146403139584;1
https://twitter.com/zabdiie/status/474620982339334144;1
https://twitter.com/ZacPrunty/status/475087204251754496;1
https://twitter.com/ZaneGruznina/status/473159481279279105;1
https://twitter.com/zapoko/status/474709258970624001;1
https://twitter.com/zee_sauter2/status/475216939657469952;1
https://twitter.com/Zer0_Divide/status/475093814492016640;1
http://t.co/2ZXwT1r3tX;1
http://t.co/5V6vBx2gZS;1
"http://t.co/uNgjzYvTbw""""""";1
humilhando;8
hyggeligt;1
IAdvertiseForU;1
iAmKYMARA;2
IAmLivinLavish;1
IanZhangyiran;1
IBeBuntin;1
iceman_23;1
icingmist;1
ignaciolores;1
ill_will_ink;1
impresso;8
incr°vel!;8
indignaá∆o,;8
ingriddanler;1
ingridserban;1
insta;8
instabilidade;8
inteiro.;8
interior;8
irei;8
isso;24
isso!;8
isso.;8
it;1
itsravendar;1
j†;16
J†;8
ja;8
jabiraca!;8
JackieGolas;1
JapanRetweet;1
Jason_E_King;1
jasongwelz;1
jasonmassey_;1
jawsoft;1
JBernierJDM;1
JCS606;1
jeffeisenhard;1
Jeff_Holeman;2
jeffreyhawkey;1
JefTsang;1
jemfreight;1
jenkerber;1
jenmcunningham;5
Jessikha_rabbit;1
JFKRetweet;1
jgskup;1
jimbull;3
JimenaDrnts;1
jisse_cobah;1
JKalena123;1
JLBizniss;1
jlhtwts;1
JLP005;1
jmaltabes;9
Jodilynn85RN;1
jodm;1
JoeB_PDX;1
JoeDeaux;1
JoeFauth;2
johnlmurphy;2
JohnnaT1;1
jojosiegall;1
JokersLogic;1
jonbergmann;1
Jordiehlers;1
JorgeSia_;1
JosephMoyet;1
JoshuaKrammes;1
jrkordash;1
jro282876;1
js_brewington;1
jschaffert;1
juicylovemexo;2
julesdw;1
JulieGrandison7;1
jumpingbeanjd;1
JustConcierge;2
JustinMWolfe;1
justo;8
justplanes;1
kacw;2
Kanaleilei12;1
KareliaSchmitz;1
Karenlsullivan9;1
kbull53;1
keemberbee;1
keialomar;4
kellygray9;1
KEVELAIR;2
KevinIvyMcLeod;1
KikisTame;1
kirtcarstens;3
kissanu;1
KittieChamille;1
kkkkkkk;8
klarexxi;1
KyOnLifee;1
l†;8
l0renaalcantara;1
la;49
La;6
laboiteny;1
Lara.Gracias;30
LaraineCasado;1
laurtravels;1
LawrenceStout;1
layoverlife;1
lefty1;2
le¢n;6
levinkoshy;1
LGDuPlain;2
libardgutierrez;1
lindsaymalbec;1
line;1
LiviaCaterina;1
lizaCOOPEL;1
Lleg¢;6
llorar;6
LocalMemphis;1
Lolafalona;1
loricarper;2
LouisMMoran;1
lt;1
luis_gv;1
LuisRamirezOr;1
Lurch_LT;1
lute...;8
madelainegerman;1
madera;6
maggielmiller;1
maior;8
MAIOR;8
mais;56
Mais;8
Maldolec_;1
malonerob;1
ManAcosta6;1
manda;8
manimalsguide;1
Manolita;6
marcando;8
marcusterell;1
MarcyQh;1
_MarkLuna;1
MarkMurphy2011;1
MARosmarin;2
Marta_CHA;1
marymcnamara;6
mas;32
Mas;8
MasonHamilton52;1
MASTERCARD;8
mattisnotscary;1
_MattWay;1
MaxLosk;1
mbakerafc;2
MBrennTweets;1
me;16
m∆e;8
Me;8
Mecuenta;1
mekenel;1
melhor;24
#MelhoresCompra;8
#MelhoresCompras;607
#MelhoresCompras,;16
#MelhoresCompras!;8
#MelhoresCompras?;8
#MelhoresCompras.Senhor;8
melinozturk;1
MelissaGraver;1
Melody_Meade;1
Menardval;1
menor;8
MESES;8
mesmo;8
mesmo!!!;8
metido;8
meu;56
Meu;8
mg;30
mg.;8
MG;32
MG,;24
MG!;24
MG.;8
MidlinkTravel;2
mikejturk;3
MikeKelley8;4
Mike_Kiely;1
MikeLaFollette1;1
_mikemorris;1
mim;16
MimiLombardo;1
minas;16
Minas;16
Minas,;8
minha;32
minhas;8
MINlONS;2
Mishy414;1
misslizz714;1
missmimicole;1
mizzgaizel;1
mknzdance730;1
mlake31;1
mojogrind;1
mons_monz;1
monte;8
morando;8
morar;8
Mozziey;1
mphcoach;2
MrsXXV25;1
màs;8
M_Schnell09;1
msnyderdesign;1
MUC_Spotter;1
mudar;8
Mudo;6
MuhammadAyers13;1
muito!;8
mummyrose;1
na;8
nada;8
nada!;8
Nada;8
nadando;8
nahyrb;1
nao.;8
Nao;8
nas;8
nathills;1
necess†rio;8
Neil_Stewart_1;5
NeriumResults4U;1
nesse;8
newrock95x;1
NewYorkRetweets;1
nicolemathe;1
NicParmar;1
NinkiCZ;2
nirajsshah;1
nitinbhas;1
nmg413;1
nmyatt13;1
no;64
n∆o;152
no,;8
N∆o;24
noel_jacobs;1
nojo;8
nome;8
NormPoynter;1
Nossa,;8
novamente.;8
novo;8
"now&lt;&lt;&lt;&lt;&lt;&lt;""";1
ntakemetonandos;1
nubank;8
Nunca;8
o;236
O;40
OA260;1
obiterloquitur;1
Obrigada;8
ObriGalo.;8
oceanracerSF;1
OctavioEspinal;2
Odeio;8
Ohio_Wolf;1
Ohsnap_Megan;1
ok,;8
OK,;8
olhar;8
olyhandro25;3
onde;8
orne_pattison;1
os;8
ou;8
Ou;8
outro;8
ouvir;8
p;8
paestef;1
pagarlas;8
palmeirenses;8
PamelaBacorn;1
papajoeatx;2
para;70
parishair;1
parte;8
participar;8
participar!;8
participar!ˇ;8
participarrrrrrrrrrrrrrr!;8
participo!;8
pasar;6
pascmont;1
"""@pascmont:	1
passa	8
passando!	8
passear	8
passion4traveln	1
PASTILLA	8
PatMordaunt	1
patrickjacobson	1
patstravelrevu	1
paulista	16
Paulista	8
paulistas	8
Paulo?	8
PauSaenz12	1
payaso	6
PChinky22	1
pela	8
pelo	24
Pelo	8
pelotudo,	8
Pena	8
Pena_sahara	1
Pense	8
percebe	8
perto	8
perto.	8
pessoal	8
phenomeNELLE	2
pieckm	1
_pierregiovanni	6
pilot_normalgrl	1
pintou	8
PINTOU!!!	8
pior	8
pistola!	8
PITISPOTTERCLUB	1
PittsbgPirate	1
Planelover777	1
PLAYBXY5150	1
plenamente.	8
PooochieePooper	1
por	14
Por	8
porcaria	8
porque	8
posso	16
poss°vel.	8
postcardsfromny	1
povo	8
pra	8
Pra	16
praticamente	8
preconceito	8
prejudicado	8
PresidentGomez1	1
presteza	8
Price1687	1
prime	8
pràmio	24
pràmio,	8
pro	16
problema	16
processando	16
processando,	8
processaram	8
promoá∆o	8
promoá∆o!	8
Pruezy19	1
pr¢ximo	8
pt	576
PublicoMx	1
qualquer	8
quando	8
Quando	8
quase!	8
que	128
Que	8
quebrado	8
quem	8
Quem	8
querem	8
quero	8
Quero	32
Quiso	6
rachelkmb	3
raj_vachhani	1
ralo	8
ranata_aguirre	1
ranjitiyer	1
ranlgre	1
Ransonnote	1
RaquelDCarvajal	1
ratnamaravind	1
RaylenX	1
rblument1	1
rdgresident	1
RDIZZAL	1
realÖ	8
Red7Holidays	2
Red7Honeymoon	2
redundante	8
ReneSRios	1
reparei	8
repinJC	1
Resolve	8
resolver	8
resolvido	16
riapre	1
rica	8
RichardPLingard	1
right	1
rigtigt	1
risco	8
RJThieneman	1
rmhnyc	3
Rndubois	1
RoadTips	1
RobertoVllar	1
rodo	8
rogertheherb	1
Rogue_Photo	1
rolfester	2
rommy_barrios	1
Ronaldo	8
Ronnie_Matrix	1
ROSAL_CARMINA	1
rsrsrsrs.	8
Rulez!	8
RyanKimball13	1
RyeL0wc	1
s°	1
s¢	1
s°	1
s¢	1
s°	1
s¢	1
s°	1
s¢	1
s°	1
s¢	1
s°	1
s¢	1
s°	1
s¢	1
s°	1
s¢	1
S¢	16
sabe	8
saber	30
sabschin	3
sacarla	6
Sair	8
sammy_honsha	1
#Santiago-NewYork/Newark	1
SarahLin1	2
se	32
secondsedgwick	1
Segundo	8
seja	8
sejam	8
Sem	8
sempre	8
sendo	16
ser	8
ser†	8
SERAPH1	1
serioÖ	8
serviáo	8
sethbuck12	1
SEvangeline	1
sforetweet	2
sforgosh	1
sgmateus	1
ShannonAndrick	1
ShannonGennette	1
SharonSrock	1
SharonSvll	1
SheGotCake	1
SheinaElle	1
sherrysmith32	1
ShiftYourGaze	1
shugatee	1
si	30
Sim,	8
SinSex_London	4
Sir_Fahrenheit	1
SirRotalot	5
sistema	8
sistema!.	8
Sjd53Sally	1
sk	1
s∆o	8
S∆o	8
soham_pablo	1
soltou	8
solucionar	8
SOMAZINA	8
sombra	6
songflutes	1
sorte	8
sorte...	8
sorteado	8
sorteado?	8
sorteio	40
sorteio!	8
sorteios	8
sortuda!	8
sortudo.Ganhei!	8
sou	16
SP,	16
SP!	8
SP!!!!	8
SP?	24
SP.	8
Sri_AT72	1
steffenxy	1
steve13_1	1
SteveFinch_TC	1
Steve_Harries22	1
StevenDickens3	2
SteveWright1023	1
Stornblom	1
strattera	30
su	6
sucursal	30
suerte	6
Supermom2020	1
switchfooter04	1
SwizzleDeals	2
t†	8
ta	8
take2editor	1
TaliaFagan	1
tambÇm	8
tambÇm!	8
tambÇm?	8
tarde.	8
tardes	30
TaxReturnCoach	1
tedreednc	3
tem	24
tenho	8
tentei.	8
ter	16
terminar	8
the";1
TheAimage;1
THEBINGBING_COM;1
thechagem;1
thegrandbevy;1
TheLeeBase;1
TheWowzaban;1
thisisrtm;1
Thrash_goth;1
¢tima;8
TimaShaker;1
Tim_Singer3;1
tiver;8
tivessem;8
tmlgirl;1
to;8
todos;8
TommiMH;1
Tom_Spannring;1
ToniMoCurrie;1
tonylongo;1
top;8
TOP.;8
Torcendo;8
ToriSkiGirl;1
trabalhei;8
trabalho;8
tragicbaby;1
Trapaáa!;8
tratta;1
traveltrivia4u;1
travelworld373;1
TRCelerity;1
tribe4life;1
trigirl005;1
trofÇus;8
TTCNoticias;1
TTCNotizie;1
TUCKERSMM13;1
tudo;8
tvsdrumr;1
Tweeter;8
Twerkbeck;1
twmntwins;1
TWtravelnews;1
Ui!;8
um;56
uma;24
umvox;1
un;12
uniqcarmen;1
unitedairlane;1
UnitedFlyerHD;1
UrbanTortilla;1
URobot;1
Vai;8
Valadares;8
Valadares/MG.;8
VALENCIA;8
vals;6
var;1
vasilrambi;1
Vc;8
vcs,;8
veio;8
vem;8
ver;14
vettnut;1
vi;9
video;8
ViliusAdomaitis;1
vindo;8
vindos;8
Vi_Wolf_King;7
VMediaPro;2
v∆o;24
vocà;16
vocàs;16
vocàs!;8
Vocàs;8
vokhal;1
VolarEsPasion;1
@VolarEsPasion;1
vou;8
Vou;16
VT_Amanda;1
warrenjacob;2
Webster88;1
wildert;3
WindyCityBowler;1
WMCActionNews5;1
WMGdmcs;2
WochitNews;1
worldtravlur;1
WSHRetweet;1
xCallie13x;1
xinyuanine;1
Xivaga;1
xseriouskissx;1
y;12
Y;12
YaDaChef;2
yccsoy;1
yortkrause;2
YoungJennings_3;1
your_neighbor;1
YourPalPill;1
zabdiie;1
ZacPrunty;1
ZaneGruznina;1
ZAP;8
zapatos;6
zapoko;1
zee_sauter2;1
Zer0_Divide;1
